speaker,island,word,intensity
TA,Atiu,ava,54.08201907
TA,Atiu,ava,58.06060793
TA,Atiu,ava,48.40480522
TA,Atiu,ava,54.18315065
TA,Atiu,ava,49.5922444
TA,Atiu,ava,53.07334692
TA,Atiu,ava,52.79598089
TA,Atiu,ava,46.52054778
TA,Atiu,ava,50.02860812
TA,Atiu,ava,56.41402701
TA,Atiu,avatea,53.85199212
TA,Atiu,avatea,61.05463281
TA,Atiu,avatea,41.99715681
TA,Atiu,avatea,63.837989
TA,Atiu,iva,52.70838546
TA,Atiu,iva,54.71159945
TA,Atiu,iva,54.05825096
TA,Atiu,iva,50.24981915
TA,Atiu,kauvai,55.34045788
TA,Atiu,kauvai,59.44630241
TA,Atiu,kavamani,69.38553536
TA,Atiu,kave,65.96487054
TA,Atiu,manukavamani,72.29148639
TA,Atiu,rava,59.5495455
TA,Atiu,rava,61.56894963
TA,Atiu,rave,60.27893913
TA,Atiu,rave,52.00795599
TA,Atiu,rave,56.0959387
TA,Atiu,raveꞌanga,54.22366349
TA,Atiu,rāvenga,70.10907013
TA,Atiu,tuava,40.54177587
TA,Atiu,tuava,48.17533509
TA,Atiu,tāviri,63.74718529
TA,Atiu,vai,55.71858246
TA,Atiu,vai,55.08111247
TA,Atiu,vai,59.35320871
TA,Atiu,vai,61.55405126
TA,Atiu,vai,55.70843761
TA,Atiu,vai,55.70843761
TA,Atiu,vai,58.01399383
TA,Atiu,vai,62.542677
TA,Atiu,vai,61.54716585
TA,Atiu,vai,58.78955738
TA,Atiu,vai,54.04902347
TA,Atiu,vai,57.9980517
TA,Atiu,vai,65.32404153
TA,Atiu,vai,58.33471581
TA,Atiu,vai,55.66064552
TA,Atiu,vai,59.30760001
TA,Atiu,vai,57.30561601
TA,Atiu,vai,59.67699383
TA,Atiu,vai,52.68040171
TA,Atiu,vai,69.56381928
TA,Atiu,vai,60.2307468
TA,Atiu,vai,54.64054625
TA,Atiu,vai,53.88888753
TA,Atiu,vai,54.58779583
TA,Atiu,vai,57.76867236
TA,Atiu,vai,55.69368796
TA,Atiu,vai,57.07587327
TA,Atiu,vai,59.72923647
TA,Atiu,vai,61.60002231
TA,Atiu,vai,60.16927206
TA,Atiu,vai,59.36685356
TA,Atiu,vai,70.37215786
TA,Atiu,vai,57.90010626
TA,Atiu,vai,52.83975178
TA,Atiu,vai,54.83613256
TA,Atiu,vai,61.22541998
TA,Atiu,vai,56.20679319
TA,Atiu,vai,59.67178316
TA,Atiu,vai,58.8949519
TA,Atiu,vai,59.41805437
TA,Atiu,vai,61.47183963
TA,Atiu,vai,60.31866462
TA,Atiu,vaipuke,74.42647592
TA,Atiu,vaipuke,66.2631055
TA,Atiu,vaka,52.44704384
TA,Atiu,varaoa,62.18599287
TA,Atiu,varaoa,51.87236355
TA,Atiu,varaoa,48.0139192
TA,Atiu,vari,46.30112599
TA,Atiu,vari,55.83931214
TA,Atiu,varu,58.51284705
TA,Atiu,varu,51.62743739
TA,Atiu,vaꞌine,57.78194592
TA,Atiu,vaꞌine,49.92166062
TA,Atiu,vaꞌine,65.12885883
TA,Atiu,vaꞌo,59.65632485
TA,Atiu,vaꞌo,63.12792212
TA,Atiu,vāvia,72.63346733
TA,Atiu,vāvia,65.94513106
TA,Atiu,vāvia,64.63366964
TA,Atiu,vāvia,64.10927134
TA,Atiu,vāvia,67.91202382
TA,Atiu,vāvia,64.81402582
TA,Atiu,vāvia,69.61780462
TA,Atiu,vāvia,72.15442072
TA,Atiu,vāvia,62.29483289
TA,Atiu,vāvia,57.46179617
TA,Atiu,vē,35.06081292
TA,Atiu,vēꞌi,59.29614138
TA,Atiu,vēꞌi,56.55930542
TA,Atiu,vēꞌi,60.34341324
TA,Atiu,vī,51.52841099
TA,Atiu,vī,52.9732192
TA,Atiu,āvota,49.88244971
TA,Atiu,ꞌakavā,57.8520365
TA,Atiu,ꞌakavā,53.27319813
TA,Atiu,ꞌakavā,57.8520365
TA,Atiu,ꞌakavā,53.27319813
TA,Atiu,ꞌakavā,50.70642825
TA,Atiu,ꞌakavā,50.70642825
TA,Atiu,ꞌakaꞌārāveiꞌanga,56.44644872
TA,Atiu,ꞌārāvei,48.36011555
TA,Atiu,ꞌārāvei,52.69286393
TA,Atiu,ꞌārāvei,49.55884501
TA,Atiu,ꞌārāvei,54.02394025
JA,Mauke,ava,68.01278454
JE,Mauke,ava,55.01330192
JE,Mauke,ava,55.48973462
JE,Mauke,ava,58.37618275
JE,Mauke,ava,51.22945828
JE,Mauke,ava,54.11190334
MM,Mauke,ava,83.58147885
MM,Mauke,ava,78.51018074
JA,Mauke,avaava,59.06437758
JA,Mauke,avaava,58.78219286
JA,Mauke,avaava,70.57135788
JA,Mauke,avaava,66.06793705
JA,Mauke,avaavaꞌia,67.22457723
JA,Mauke,avaavaꞌia,66.00352248
JE,Mauke,avaiki,53.43037001
JE,Mauke,avaiki,53.18746081
MSC,Mauke,avaiki,38.96783152
JE,Mauke,avanā,54.71758946
JE,Mauke,avanā,55.45230074
JE,Mauke,avata,44.17090539
MSC,Mauke,evangeria,45.56913546
MM,Mauke,evenheria,77.26849915
JA,Mauke,improveꞌia,70.8633727
JE,Mauke,iva,54.43250465
MM,Mauke,iva,68.76406317
MM,Mauke,iva,68.19363978
MM,Mauke,iva,68.46374721
MM,Mauke,iva,74.56323723
MM,Mauke,iva,74.37895646
MM,Mauke,iva,79.36659898
JE,Mauke,kaikava,58.10233704
JA,Mauke,kava,64.41665549
JE,Mauke,kava,46.48530533
JE,Mauke,kava,46.48530533
JE,Mauke,kava,49.17340301
JE,Mauke,kava,51.1268976
MM,Mauke,kava,72.01628351
MM,Mauke,kava,62.92515353
MM,Mauke,kavamani,68.14709795
MSC,Mauke,kavamani,55.60069208
MSC,Mauke,kavamani,58.65520903
JE,Mauke,kaveinga,60.37203043
JE,Mauke,kaveinga,59.35134578
MSC,Mauke,kaveinga,53.66602107
MSC,Mauke,kaveinga,51.13259591
JA,Mauke,kivi,72.27929603
JA,Mauke,navenave,65.01625652
JA,Mauke,navenave,58.7924096
JE,Mauke,nēneva,55.65171031
JE,Mauke,ovi,49.48487318
JE,Mauke,ovi,56.15759316
JE,Mauke,ovi,48.03171616
MSC,Mauke,oꞌavaiki,38.43663
JA,Mauke,rava,75.3157848
JA,Mauke,rava,75.87600672
JA,Mauke,rava,68.48481756
JE,Mauke,rava,47.66880798
JE,Mauke,rava,58.77136864
JE,Mauke,rava,55.55934389
JE,Mauke,rava,60.73540398
JE,Mauke,rava,58.6441929
JE,Mauke,rava,55.52568332
JE,Mauke,rava,52.97014783
JE,Mauke,rava,61.50902036
JE,Mauke,rava,61.76508646
JE,Mauke,rava,56.12072852
JE,Mauke,rava,60.38191386
MM,Mauke,rava,68.43472122
MM,Mauke,rava,67.00263354
MSC,Mauke,rava,52.33032022
MSC,Mauke,rava,52.85597919
MSC,Mauke,rava,47.08637794
MSC,Mauke,rava,52.47874663
MSC,Mauke,rava,50.62487813
MSC,Mauke,rava,48.96461671
MSC,Mauke,rava,63.49284861
MSC,Mauke,ravaꞌia,49.86316336
MSC,Mauke,ravaꞌia,44.30220858
JA,Mauke,rave,69.39365361
JA,Mauke,rave,74.03376784
JA,Mauke,rave,58.43320031
JA,Mauke,rave,65.83451081
JA,Mauke,rave,68.77563755
JA,Mauke,rave,64.22086807
JA,Mauke,rave,68.72939982
JA,Mauke,rave,74.32010724
JA,Mauke,rave,67.85252199
JA,Mauke,rave,62.88876155
JA,Mauke,rave,67.27443629
JA,Mauke,rave,61.5360533
JA,Mauke,rave,63.92271783
JE,Mauke,rave,49.15493788
JE,Mauke,rave,62.36345086
JE,Mauke,rave,54.13384992
MM,Mauke,rave,75.19061229
MM,Mauke,rave,74.00433678
MM,Mauke,rave,68.30422363
MM,Mauke,rave,75.13750064
MM,Mauke,rave,67.95964202
MM,Mauke,rave,65.29190177
MM,Mauke,rave,70.00746303
MM,Mauke,rave,73.70354608
MM,Mauke,rave,77.75019678
MSC,Mauke,rave,54.49650738
MSC,Mauke,raveꞌanga,51.034406
JA,Mauke,raveꞌia,68.53841341
JA,Mauke,raveꞌia,62.23447446
JA,Mauke,raveꞌia,66.94269864
JA,Mauke,raveꞌia,65.3833739
JA,Mauke,raveꞌia,66.94056584
JA,Mauke,raveꞌia,66.52777745
JA,Mauke,raveꞌia,71.39655362
JA,Mauke,raveꞌia,66.79227161
JE,Mauke,raveꞌia,60.60605482
MM,Mauke,raveꞌia,71.90801075
MM,Mauke,raveꞌia,74.69929934
JA,Mauke,reva,69.01074226
MSC,Mauke,reva,46.32242281
JE,Mauke,ruatakiva,55.69753962
MSC,Mauke,tuaꞌivi,47.43737789
JE,Mauke,tuāꞌivi,53.8846102
JE,Mauke,tuāꞌivi,55.63070695
JE,Mauke,tuāꞌivi,50.26553315
JA,Mauke,tāreva,81.36608599
MM,Mauke,tāviri,66.53482171
JA,Mauke,tāviriviri,76.396285
JA,Mauke,tāviriviri,69.00580188
JA,Mauke,tīvaivai,64.55988531
JA,Mauke,tīvaivai,50.76318348
JA,Mauke,tīvī,73.95688632
JA,Mauke,tīvī,73.3514347
JE,Mauke,tūava,43.80854883
JE,Mauke,tūava,43.80854883
JE,Mauke,tūava,57.32972469
JE,Mauke,tūava,57.32972469
JA,Mauke,vaere,55.41596595
JA,Mauke,vaerua,57.58499052
JA,Mauke,vaerua,61.87538976
MSC,Mauke,vaerua,49.81329496
JA,Mauke,vai,69.73564094
JA,Mauke,vai,67.89555639
JA,Mauke,vai,63.32646416
JA,Mauke,vai,51.87535796
JA,Mauke,vai,49.664594
JA,Mauke,vai,50.56497719
JA,Mauke,vai,41.24224135
JA,Mauke,vai,46.4934347
JA,Mauke,vai,48.08820808
JA,Mauke,vai,48.04348545
JE,Mauke,vai,49.98361971
JE,Mauke,vai,49.98361971
JE,Mauke,vai,52.71033444
JE,Mauke,vai,51.32555961
JE,Mauke,vai,53.50777266
JE,Mauke,vai,50.4074577
JE,Mauke,vai,57.52693785
JE,Mauke,vai,50.1872062
JE,Mauke,vai,52.51034474
JE,Mauke,vai,56.06337557
MM,Mauke,vai,79.24730083
MM,Mauke,vai,79.71916307
MM,Mauke,vai,72.0053775
MM,Mauke,vai,72.16482648
MM,Mauke,vai,72.2015314
MM,Mauke,vai,75.60944051
MSC,Mauke,vai,56.72110463
MSC,Mauke,vai,54.851856
MSC,Mauke,vai,60.26999698
MSC,Mauke,vai,39.50285599
MSC,Mauke,vai,59.12399461
MSC,Mauke,vaikinga,49.25964737
MSC,Mauke,vaikinga,51.74229712
JE,Mauke,vairanga,54.63378936
JE,Mauke,vairanga,54.63378936
JE,Mauke,vairanga,51.31227839
MSC,Mauke,vairanga,53.33069063
MSC,Mauke,vairanga,45.71702717
JA,Mauke,vairākau,61.94583175
JA,Mauke,vairākau,50.12309287
JA,Mauke,vaitata,65.95914812
MM,Mauke,vaitata,76.44401629
MM,Mauke,vaitata,62.70171121
MM,Mauke,vaitata,73.97923316
MSC,Mauke,vaitata,57.00512945
MSC,Mauke,vaitata,56.46562937
MSC,Mauke,vaitata,49.93834361
JA,Mauke,vaito,70.4001664
JA,Mauke,vaivai,62.2302894
JA,Mauke,vaivai,64.54481035
JA,Mauke,vaiꞌi,59.04318948
MM,Mauke,vaiꞌo,77.0837078
MSC,Mauke,vaiꞌī,38.65059396
MSC,Mauke,vaiꞌī,47.19125374
MSC,Mauke,vaiꞌī,58.62358234
MSC,Mauke,vaiꞌī,54.67847197
MSC,Mauke,vaiꞌī,59.29339761
MSC,Mauke,vaiꞌī,57.96032197
MSC,Mauke,vaiꞌī,55.80173966
MSC,Mauke,vaiꞌī,50.1637878
JE,Mauke,vaka,52.48959634
JE,Mauke,vaka,50.7924349
JE,Mauke,vaka,51.04967252
JE,Mauke,vaka,54.97290171
JE,Mauke,vaka,54.6870752
JE,Mauke,vaka,51.66256109
JE,Mauke,vaka,55.34994795
JE,Mauke,vaka,53.38892214
JE,Mauke,vaka,47.51133204
JE,Mauke,vaka,47.1003398
JE,Mauke,vaka,52.30199109
JE,Mauke,vaka,53.0194569
JE,Mauke,vaka,47.99891318
JE,Mauke,vaka,54.33207297
JE,Mauke,vaka,51.21671486
JE,Mauke,vaka,52.17341605
JE,Mauke,vaka,57.42978495
JE,Mauke,vaka,57.77111877
JE,Mauke,vaka,50.95711786
JE,Mauke,vaka,52.76864601
JE,Mauke,vaka,50.14298072
JE,Mauke,vaka,49.76448466
JE,Mauke,vaka,51.54672565
JE,Mauke,vaka,51.19709187
JE,Mauke,vaka,51.7652575
JE,Mauke,vaka,51.71750963
JE,Mauke,vaka,50.10438569
JE,Mauke,vaka,52.37849445
JE,Mauke,vaka,50.3362535
JE,Mauke,vaka,53.00734636
JE,Mauke,vaka,55.17023943
JE,Mauke,vaka,53.96155729
JE,Mauke,vaka,49.63869962
JE,Mauke,vaka,52.97154779
JE,Mauke,vaka,53.33867117
JE,Mauke,vaka,52.42027081
JE,Mauke,vaka,54.12813497
JE,Mauke,vaka,49.05598582
JE,Mauke,vaka,54.94938091
JE,Mauke,vaka,63.23548224
JE,Mauke,vaka,54.70540611
JE,Mauke,vaka,52.8260619
JE,Mauke,vaka,51.89035288
JE,Mauke,vaka,51.65488272
JE,Mauke,vaka,62.64998103
JE,Mauke,vaka,58.34340283
JE,Mauke,vaka,56.0843077
JE,Mauke,vaka,55.90628556
JE,Mauke,vaka,52.34238538
JE,Mauke,vaka,60.05675027
JE,Mauke,vaka,59.67558661
JE,Mauke,vaka,62.22699158
JE,Mauke,vaka,57.69070324
JE,Mauke,vaka,51.71848284
JE,Mauke,vaka,55.66673869
JE,Mauke,vaka,60.77513541
JE,Mauke,vaka,55.91650917
JE,Mauke,vaka,49.92780151
JE,Mauke,vaka,48.45970613
JE,Mauke,vaka,56.4142241
JE,Mauke,vaka,61.59675299
JE,Mauke,vaka,55.55140085
JE,Mauke,vaka,49.99868
JE,Mauke,vaka,53.36299093
JE,Mauke,vaka,55.52647639
JE,Mauke,vaka,51.80105987
JE,Mauke,vaka,36.1810064
JE,Mauke,vaka,59.50332457
JE,Mauke,vaka,55.69513685
JE,Mauke,vaka,55.75133887
MM,Mauke,vaka,75.39618743
MM,Mauke,vaka,74.20290227
MM,Mauke,vaka,63.96232226
MM,Mauke,vaka,72.96881667
MM,Mauke,vaka,66.69747867
MM,Mauke,vaka,62.96399863
MM,Mauke,vaka,72.40223104
MM,Mauke,vaka,72.64823586
MM,Mauke,vaka,73.74370175
MM,Mauke,vaka,63.96945356
MM,Mauke,vaka,75.31192643
MM,Mauke,vaka,66.02797524
MM,Mauke,vaka,71.98399696
MM,Mauke,vaka,69.6565722
MM,Mauke,vaka,78.88266691
MSC,Mauke,vaka,53.76120735
MSC,Mauke,vaka,58.00099393
JE,Mauke,vao,50.42527402
JA,Mauke,varaini,64.45352881
JA,Mauke,varaire,62.4894761
JA,Mauke,varani,62.99451355
JA,Mauke,varani,62.60097377
JA,Mauke,varani,53.31219707
JA,Mauke,varani,62.55899677
JA,Mauke,varani,58.99536965
JA,Mauke,varani,64.61520818
MSC,Mauke,varani,54.23574946
JA,Mauke,varea,64.56958748
JA,Mauke,vareaꞌia,60.34100039
JA,Mauke,vari,45.41960826
JA,Mauke,varu,64.48921147
MSC,Mauke,varāoa,45.32548504
JA,Mauke,vave,68.34441178
JA,Mauke,vave,72.36587272
JA,Mauke,vave,68.20721107
JA,Mauke,vave,71.60985613
JA,Mauke,vave,64.87554951
JA,Mauke,vave,62.77390271
JA,Mauke,vave,69.5609507
JA,Mauke,vave,66.2787388
JA,Mauke,vave,67.87800042
JA,Mauke,vave,61.48577996
MSC,Mauke,vave,56.14629325
MSC,Mauke,vave,49.31002836
JA,Mauke,vavia,67.19514809
JA,Mauke,vavia,72.92984808
JA,Mauke,vavia,71.0052729
JA,Mauke,vavia,76.2465234
JA,Mauke,vaꞌa,73.50972491
MM,Mauke,vaꞌa,72.14576164
MM,Mauke,vaꞌa,69.97970276
JA,Mauke,vaꞌarua,55.7441331
MSC,Mauke,vaꞌeꞌau,56.73717127
JA,Mauke,vaꞌine,61.60228627
JA,Mauke,vaꞌine,63.16885038
JA,Mauke,vaꞌine,54.41418992
JA,Mauke,vaꞌine,62.48959113
JA,Mauke,vaꞌine,64.29105198
JA,Mauke,vaꞌine,67.61158907
JA,Mauke,vaꞌine,65.00128735
JA,Mauke,vaꞌine,65.10140767
JA,Mauke,vaꞌine,61.38332828
JE,Mauke,vaꞌine,55.40768186
JE,Mauke,vaꞌine,55.98420838
JE,Mauke,vaꞌine,56.97362944
JE,Mauke,vaꞌine,58.82033719
JE,Mauke,vaꞌine,55.41350923
JE,Mauke,vaꞌine,56.84646027
JE,Mauke,vaꞌine,57.69901498
JE,Mauke,vaꞌine,57.10732373
JE,Mauke,vaꞌine,56.32198725
JE,Mauke,vaꞌine,52.91817533
JE,Mauke,vaꞌine,54.63688871
JE,Mauke,vaꞌine,47.66535402
JE,Mauke,vaꞌine,58.99179343
JE,Mauke,vaꞌine,58.99179343
MM,Mauke,vaꞌine,74.12698042
MM,Mauke,vaꞌine,76.11538309
MM,Mauke,vaꞌine,66.17642727
MM,Mauke,vaꞌine,77.32924249
MM,Mauke,vaꞌine,71.66357163
MM,Mauke,vaꞌine,70.36287158
MM,Mauke,vaꞌine,66.92980867
MM,Mauke,vaꞌine,78.41531996
MM,Mauke,vaꞌine,77.22732393
MM,Mauke,vaꞌine,78.15123361
MM,Mauke,vaꞌine,72.29634944
MSC,Mauke,vaꞌine,58.33518795
JA,Mauke,vaꞌiē,51.66177263
JA,Mauke,vaꞌiē,51.28037725
JA,Mauke,vaꞌiē,43.1010413
JA,Mauke,vaꞌo,67.56462181
JA,Mauke,vaꞌo,59.7345786
JA,Mauke,vaꞌo,68.74733925
JA,Mauke,vaꞌo,63.20225854
JA,Mauke,vaꞌo,67.65290124
JA,Mauke,vaꞌo,60.0016919
JA,Mauke,vaꞌo,72.52772307
JA,Mauke,vaꞌo,61.98312726
JA,Mauke,vaꞌo,62.04442282
JA,Mauke,vaꞌo,49.92710893
JA,Mauke,vaꞌo,40.88680303
JA,Mauke,vaꞌo,35.30546991
JA,Mauke,vaꞌo,39.39221134
JE,Mauke,vaꞌo,46.59072067
MSC,Mauke,vaꞌo,52.97308528
MSC,Mauke,vaꞌo,50.59783332
MSC,Mauke,vaꞌo,62.20152779
JA,Mauke,vaꞌī,54.58077127
JA,Mauke,vaꞌī,62.44239081
JA,Mauke,vera,68.06962535
JA,Mauke,veravera,59.93000491
JA,Mauke,veravera,64.93838014
JE,Mauke,veritūamaroa,61.33390162
JE,Mauke,veritūamaroa,60.63865045
JE,Mauke,veritūamaroa,63.65676296
JA,Mauke,vetiꞌia,70.35433728
JA,Mauke,veꞌeveꞌe,65.49871969
JA,Mauke,veꞌeveꞌe,64.72736464
JA,Mauke,vinivini,72.1961256
JA,Mauke,vinivini,78.28020117
JA,Mauke,vinivini,56.93747772
JA,Mauke,vinivini,68.48032746
JA,Mauke,viriꞌia,56.65992776
JA,Mauke,viriꞌia,57.02141104
JA,Mauke,vitiviti,72.6236765
JA,Mauke,vitiviti,70.84449718
JA,Mauke,viviki,69.24045383
JA,Mauke,viviki,66.85675922
MSC,Mauke,viviki,54.01879288
MSC,Mauke,viviki,59.9433944
JA,Mauke,viꞌiviꞌi,65.079901950000007
JA,Mauke,viꞌiviꞌi,63.80546863
JA,Mauke,vā,59.83168536
JA,Mauke,vāvia,63.63187745
JA,Mauke,vāvia,71.0878581
JA,Mauke,vāvia,65.72240724
JA,Mauke,vāvia,70.43814618
MM,Mauke,vāvie,73.66564506
MM,Mauke,vāvie,74.28813654
JA,Mauke,vāvā,66.18733151
JA,Mauke,vāvā,68.92049431
JA,Mauke,vāvā,53.20681696
JA,Mauke,vāvā,63.23939212
JE,Mauke,vēꞌi,43.09522711
JE,Mauke,vēꞌi,43.09522711
JE,Mauke,vēꞌi,43.45090355
JE,Mauke,vēꞌi,43.45090355
JE,Mauke,vēꞌī,47.71697819
JE,Mauke,vēꞌī,47.71697819
JE,Mauke,vēꞌī,46.12773552
JE,Mauke,vēꞌī,46.12773552
JE,Mauke,vēꞌī,42.63317853
JE,Mauke,vēꞌī,42.63317853
JE,Mauke,vēꞌī,NA
JE,Mauke,vēꞌī,40.25220164
JE,Mauke,vēꞌī,NA
JE,Mauke,vēꞌī,40.25220164
JE,Mauke,vēꞌī,44.52002651
JE,Mauke,vēꞌī,44.52002651
JA,Mauke,vī,64.68891263
JE,Mauke,ꞌakarevaꞌia,65.2493847
JE,Mauke,ꞌakarevaꞌia,64.39327836
JE,Mauke,ꞌakarevaꞌia,59.0343979
JE,Mauke,ꞌakarevaꞌia,62.42611623
JA,Mauke,ꞌakavaꞌavaꞌa,69.55848265
JA,Mauke,ꞌakavaꞌavaꞌa,63.45704366
JA,Mauke,ꞌakavaꞌavaꞌaꞌia,69.07529871
JA,Mauke,ꞌakavaꞌavaꞌaꞌia,68.19423598
JA,Mauke,ꞌakavaꞌavaꞌaꞌia,64.84900539
JA,Mauke,ꞌakavaꞌavaꞌaꞌia,68.30861913
JA,Mauke,ꞌakavaꞌavaꞌva,63.45366928
JA,Mauke,ꞌakavaꞌavaꞌva,65.37936243
JA,Mauke,ꞌakavaꞌavaꞌva,63.19076832
MSC,Mauke,ꞌavaiki,48.83759371
MSC,Mauke,ꞌavaiki,43.79808648
MSC,Mauke,ꞌavaiki,56.287877
JA,Mauke,ꞌānēnevaꞌia,65.38226447
JA,Mauke,ꞌārāvei,61.77989014
JA,Mauke,ꞌārāvei,63.71752668
JA,Mauke,ꞌārāvei,70.49913304
JA,Mauke,ꞌāvata,60.36234449
JA,Mauke,ꞌāviri,71.51323204
BPT,Penrhyn,iva,56.92299954
BPT,Penrhyn,iva,55.79775209
BPT,Penrhyn,ivi,57.22991349
BPT,Penrhyn,ivi,57.77213594
BPT,Penrhyn,ivi,59.10126818
BPT,Penrhyn,ivi,53.64564467
BPT,Penrhyn,ivi,48.70063397
BPT,Penrhyn,ivi,57.68937487
BPT,Penrhyn,ivi,57.09261711
BPT,Penrhyn,kave,44.85854898
BPT,Penrhyn,kiva,45.36631081
BPT,Penrhyn,mākave,61.48731736
BPT,Penrhyn,nukuteveri,51.27771753
BPT,Penrhyn,rava,58.34005711
BPT,Penrhyn,rava,61.05925601
BPT,Penrhyn,rava,61.53087159
BPT,Penrhyn,rava,60.41849665
BPT,Penrhyn,rava,55.93618667
BPT,Penrhyn,rava,56.82787172
BPT,Penrhyn,rava,60.95966959
BPT,Penrhyn,rava,57.07831634
BPT,Penrhyn,rava,60.38664198
BPT,Penrhyn,rava,59.31413158
BPT,Penrhyn,rava,40.45632049
BPT,Penrhyn,rava,41.00019485
BPT,Penrhyn,rava,49.40478555
BPT,Penrhyn,rava,37.43775444
BPT,Penrhyn,rava,43.70193866
BPT,Penrhyn,rava,38.10400615
BPT,Penrhyn,rava,36.92277718
BPT,Penrhyn,ravakai,43.15205883
BPT,Penrhyn,ravakai,45.28081447
BPT,Penrhyn,ravakai,39.35964758
BPT,Penrhyn,ravakai,38.66290297
BPT,Penrhyn,ravakai,31.56377803
BPT,Penrhyn,ravakai,45.5601819
BPT,Penrhyn,ravarava,57.23782388
BPT,Penrhyn,ravarava,36.73355224
BPT,Penrhyn,rave,58.47377136
BPT,Penrhyn,rave,60.45301952
BPT,Penrhyn,rave,55.1876636
BPT,Penrhyn,rave,42.20559579
BPT,Penrhyn,rave,50.94742202
BPT,Penrhyn,rave,43.2130405
BPT,Penrhyn,rave,46.50390823
BPT,Penrhyn,rave,41.38583025
BPT,Penrhyn,ravenga,56.92533462
BPT,Penrhyn,ravenga,56.80985692
BPT,Penrhyn,ravenga,62.97754163
BPT,Penrhyn,ravenga,60.82922312
BPT,Penrhyn,ravenga,65.48486511
BPT,Penrhyn,raverave,55.39611495
BPT,Penrhyn,raverave,56.54212512
BPT,Penrhyn,raveꞌanga,61.88195376
BPT,Penrhyn,raveꞌanga,54.38414868
BPT,Penrhyn,raveꞌanga,59.12137231
BPT,Penrhyn,raveꞌia,41.0834437
BPT,Penrhyn,rāvenga,56.1847685
BPT,Penrhyn,rāvenga,58.7849288
BPT,Penrhyn,rāvenga,57.95896098
BPT,Penrhyn,rāvenga,62.76656527
BPT,Penrhyn,rāvenga,59.59655333
BPT,Penrhyn,rāvenga,56.8674613
BPT,Penrhyn,rāvenga,39.38369534
BPT,Penrhyn,rāvenga,41.20134398
BPT,Penrhyn,rāvenga,35.78666651
BPT,Penrhyn,rāvenga,43.60150703
BPT,Penrhyn,rāvenga,47.81740945
BPT,Penrhyn,rāvenga,49.0933429
BPT,Penrhyn,tumutevarovaro,48.26146024
BPT,Penrhyn,tumutevarovaro,39.31340168
BPT,Penrhyn,tūrāvaꞌo,44.20497084
BPT,Penrhyn,vaerua,58.18706916
BPT,Penrhyn,vaerua,43.530748440000004
BPT,Penrhyn,vaerua,45.04249518
BPT,Penrhyn,vai,59.98042131
BPT,Penrhyn,vai,54.39111882
BPT,Penrhyn,vai,54.19106739
BPT,Penrhyn,vai,53.1939389
BPT,Penrhyn,vai,56.96777373
BPT,Penrhyn,vai,54.70829895
BPT,Penrhyn,vai,56.08924566
BPT,Penrhyn,vai,52.9111211
BPT,Penrhyn,vai,36.04849692
BPT,Penrhyn,vai,49.98406794
BPT,Penrhyn,vai,42.56053632
BPT,Penrhyn,vai,35.52920297
BPT,Penrhyn,vai,34.87160861
BPT,Penrhyn,vai,43.96152386
BPT,Penrhyn,vai,46.37939348
BPT,Penrhyn,vai,51.04056788
BPT,Penrhyn,vaiau,39.36207601
BPT,Penrhyn,vaiau,52.96100782
BPT,Penrhyn,vairanga,56.01495057
BPT,Penrhyn,vairanga,56.81565659
BPT,Penrhyn,vairanga,52.40909674
BPT,Penrhyn,vaitata,49.77139656
BPT,Penrhyn,vaitata,58.44197258
BPT,Penrhyn,vaitata,52.54334818
BPT,Penrhyn,vaitata,50.32399745
BPT,Penrhyn,vaitata,53.60514465
BPT,Penrhyn,vaitata,55.23662781
BPT,Penrhyn,vaitata,48.06656658
BPT,Penrhyn,vaitata,54.75893408
BPT,Penrhyn,vaitata,52.20762048
BPT,Penrhyn,vaitata,51.50425414
BPT,Penrhyn,vaitata,50.99085031
BPT,Penrhyn,vaitata,53.3627867
BPT,Penrhyn,vaitata,52.02688648
BPT,Penrhyn,vaitata,55.40157978
BPT,Penrhyn,vaiti,31.25765873
BPT,Penrhyn,vaitoꞌanga,55.51405276
BPT,Penrhyn,vaitoꞌanga,57.21626729
BPT,Penrhyn,vaitoꞌia,62.59273141
BPT,Penrhyn,vaiꞌī,53.28901831
BPT,Penrhyn,vaiꞌī,56.99211409
BPT,Penrhyn,vaiꞌī,57.38549022
BPT,Penrhyn,vaka,64.2104426
BPT,Penrhyn,vaka,50.80002844
BPT,Penrhyn,vaka,46.19954957
BPT,Penrhyn,vaka,51.16278708
BPT,Penrhyn,vaka,49.20575372
BPT,Penrhyn,vaka,47.74527788
BPT,Penrhyn,vaka,48.63645838
BPT,Penrhyn,vaka,39.88671498
BPT,Penrhyn,vaka,47.67310949
BPT,Penrhyn,vaka,51.29828265
BPT,Penrhyn,varu,58.65747337
BPT,Penrhyn,vaꞌine,50.91766941
BPT,Penrhyn,vaꞌine,52.92167932
BPT,Penrhyn,vaꞌine,55.59490666
BPT,Penrhyn,vaꞌine,53.53154583
BPT,Penrhyn,vaꞌine,52.1261963
BPT,Penrhyn,vaꞌine,46.81457395
BPT,Penrhyn,vaꞌine,47.3011313
BPT,Penrhyn,vaꞌine,49.44755068
BPT,Penrhyn,vaꞌine,45.66222598
BPT,Penrhyn,vaꞌine,44.15040553
BPT,Penrhyn,vaꞌo,34.26696454
BPT,Penrhyn,veri,48.30368933
BPT,Penrhyn,viti,52.20597169
BPT,Penrhyn,viviki,60.39576919
BPT,Penrhyn,viviki,60.1416521
BPT,Penrhyn,viviki,65.33989932
BPT,Penrhyn,viviki,62.72308806
BPT,Penrhyn,viviki,44.88501109
BPT,Penrhyn,viviki,39.69093515
BPT,Penrhyn,viviki,43.91806852
BPT,Penrhyn,viviki,37.98878602
BPT,Penrhyn,viviki,36.68112602
BPT,Penrhyn,viviki,44.39455079
BPT,Penrhyn,viviki,56.31589312
BPT,Penrhyn,viviki,47.51789719
BPT,Penrhyn,viviki,36.92982472
BPT,Penrhyn,viviki,42.63010498
BPT,Penrhyn,vānanga,57.12623164
BPT,Penrhyn,vāꞌanga,53.31580656
BPT,Penrhyn,vāꞌi,54.45610819
BPT,Penrhyn,vāꞌine,39.55108172
BPT,Penrhyn,vāꞌine,46.99580985
BPT,Penrhyn,vāꞌine,44.76034721
BPT,Penrhyn,vāꞌine,45.71459017
BPT,Penrhyn,vāꞌine,44.1722836
BPT,Penrhyn,vāꞌine,39.18362197
BPT,Penrhyn,vāꞌine,47.77053668
BPT,Penrhyn,vītī,50.26469534
BPT,Penrhyn,vītī,52.3002283
BPT,Penrhyn,vītī,56.31075589
BPT,Penrhyn,ꞌakavaitata,34.85165755
BPT,Penrhyn,ꞌavaiki,53.63327389
AAN,Rarotonga,ava,43.35298193
AAN,Rarotonga,ava,36.22685906
AAN,Rarotonga,avaiki,45.78803003
AAN,Rarotonga,avaiki,36.05175787
KDN,Rarotonga,dāvida,72.92951304
KDN,Rarotonga,dāvida,68.21242294
KDN,Rarotonga,dāvida,70.90476776
TPT,Rarotonga,dāvida,53.66160133
TMT,Rarotonga,kave,58.87526841
TPT,Rarotonga,levi,60.77871939
TPT,Rarotonga,levi,73.01558186
TPT,Rarotonga,levi,66.26246291
KDN,Rarotonga,peroveta,75.53369758
TPT,Rarotonga,peroveta,64.177875
TPT,Rarotonga,peroveta,60.62123318
AAN,Rarotonga,rava,39.14364889
AAN,Rarotonga,rava,51.93686544
KDN,Rarotonga,rava,69.42431665
KDN,Rarotonga,rava,66.70356227
KDN,Rarotonga,rava,66.16909406
KDN,Rarotonga,rava,64.13689113
KDN,Rarotonga,rava,60.06804464
KDN,Rarotonga,rava,68.44576474
KDN,Rarotonga,rava,66.58547473
KDN,Rarotonga,rava,69.39697893
KDN,Rarotonga,rava,69.55254945
KDN,Rarotonga,rava,71.02328581
KDN,Rarotonga,rava,73.88570854
KDN,Rarotonga,rava,64.10091679
TMT,Rarotonga,rava,58.51959044
TPT,Rarotonga,rava,59.79153171
TPT,Rarotonga,rava,61.16930985
TPT,Rarotonga,rava,41.01491276
TPT,Rarotonga,rava,65.72908165
TPT,Rarotonga,rava,62.28111173
TPT,Rarotonga,rava,68.89568392
TPT,Rarotonga,rava,63.32447792
TPT,Rarotonga,rava,55.93996294
TPT,Rarotonga,rava,52.81575856
TPT,Rarotonga,rava,66.04152393
TPT,Rarotonga,ravakai,55.23310841
TPT,Rarotonga,ravarai,58.65795284
AAN,Rarotonga,rave,39.22013304
AAN,Rarotonga,rave,46.33316259
KDN,Rarotonga,rave,68.54759397
KDN,Rarotonga,rave,61.51192925
TMT,Rarotonga,rave,58.93575683
TMT,Rarotonga,rave,65.91908892
TMT,Rarotonga,rave,60.44436381
TMT,Rarotonga,rave,58.46736488
TPT,Rarotonga,rave,52.08088018
TPT,Rarotonga,rave,60.75461504
TPT,Rarotonga,rave,58.45892051
TPT,Rarotonga,rave,59.00567192
TPT,Rarotonga,rave,56.96683161
TPT,Rarotonga,rave,60.36693846
TPT,Rarotonga,rave,60.2865087
TPT,Rarotonga,rave,60.45023701
TPT,Rarotonga,rave,61.57894818
TPT,Rarotonga,rave,57.90821531
TPT,Rarotonga,rave,52.44179733
TPT,Rarotonga,rave,57.66907467
TPT,Rarotonga,rave,68.62054346
TPT,Rarotonga,rave,62.82299647
AAN,Rarotonga,raveꞌia,40.76577072
RP,Rarotonga,raveꞌia,79.29381702
TMT,Rarotonga,reva,57.99118518
TMT,Rarotonga,reva,55.20746788
TMT,Rarotonga,tv,54.21868812
TMT,Rarotonga,tv,58.92372969
TMT,Rarotonga,tv,39.47888413
TMT,Rarotonga,tv,67.38033758
KDN,Rarotonga,tāvini,74.40051467
KDN,Rarotonga,va,41.25086239
KDN,Rarotonga,vaerua,65.45901214
KDN,Rarotonga,vaerua,65.8937979
KDN,Rarotonga,vaerua,61.6647351
TPT,Rarotonga,vaerua,61.0850166
TMT,Rarotonga,vaevae,57.13772578
TMT,Rarotonga,vaevae,53.97354705
AAN,Rarotonga,vai,41.67660961
KDN,Rarotonga,vai,57.46851622
TPT,Rarotonga,vai,62.49939317
TPT,Rarotonga,vai,61.06920511
TPT,Rarotonga,vai,62.51997249
TPT,Rarotonga,vai,62.31965962
TMT,Rarotonga,vairanga,57.62957779
TPT,Rarotonga,vaitata,51.31900068
TPT,Rarotonga,vaitata,56.41595981
AAN,Rarotonga,vaka,46.83282108
AAN,Rarotonga,vaka,39.73061811
AAN,Rarotonga,vaka,45.00127238
AAN,Rarotonga,vaka,47.66960058
AAN,Rarotonga,vaka,40.88465639
AAN,Rarotonga,vaka,45.77973276
AAN,Rarotonga,vaka,43.87317193
AAN,Rarotonga,vaka,37.61677811
AAN,Rarotonga,vaka,40.40999094
AAN,Rarotonga,vaka,36.41875479
AAN,Rarotonga,vaka,38.32600045
AAN,Rarotonga,vaka,20.87145787
AAN,Rarotonga,vaka,40.30599302
AAN,Rarotonga,vaka,39.28946411
AAN,Rarotonga,vaka,40.77424626
AAN,Rarotonga,vaka,42.41133711
AAN,Rarotonga,vaka,47.72985736
AAN,Rarotonga,vaka,43.25827911
TPT,Rarotonga,vaoo,66.21585191
KDN,Rarotonga,varangau,77.25897834
KDN,Rarotonga,varu,68.33902117
KDN,Rarotonga,varu,67.25426413
TPT,Rarotonga,vavaria,67.33881147
TPT,Rarotonga,vavaria,60.5870554
TPT,Rarotonga,vave,62.18967729
TPT,Rarotonga,vave,61.50345972
TPT,Rarotonga,vaꞌa,53.91243884
TPT,Rarotonga,vaꞌarua,58.54831708
AAN,Rarotonga,vaꞌine,52.75762135
AAN,Rarotonga,vaꞌine,41.91057559
AAN,Rarotonga,vaꞌine,40.11250672
AAN,Rarotonga,vaꞌine,38.16911251
KDN,Rarotonga,vaꞌine,64.10233649
KDN,Rarotonga,vaꞌine,68.05615202
KDN,Rarotonga,vaꞌine,71.94041193
KDN,Rarotonga,vaꞌine,69.60288992
KDN,Rarotonga,vaꞌine,66.63232096
KDN,Rarotonga,vaꞌine,68.76914823
KDN,Rarotonga,vaꞌine,67.86852083
TMT,Rarotonga,vaꞌine,57.34803646
TMT,Rarotonga,vaꞌo,54.74169635
TMT,Rarotonga,vaꞌo,62.09278297
KDN,Rarotonga,vaꞌī,66.77715874
KDN,Rarotonga,vaꞌī,66.83027513
KDN,Rarotonga,vaꞌīꞌia,58.83285851
AAN,Rarotonga,veritū,49.1127036
AAN,Rarotonga,veritūamaroa,48.93585464
TMT,Rarotonga,verovero,64.67215376
TMT,Rarotonga,verovero,70.9717335
TPT,Rarotonga,vila,56.6284211
TMT,Rarotonga,vitiō,61.62223366
KDN,Rarotonga,viviki,64.98872318
KDN,Rarotonga,viviki,63.19945255
TPT,Rarotonga,viviki,56.68766071
TPT,Rarotonga,viviki,63.3007367
TPT,Rarotonga,viviki,63.0578791
TPT,Rarotonga,viviki,63.16907401
TPT,Rarotonga,viꞌiviꞌi,54.88136257
TPT,Rarotonga,viꞌiviꞌi,61.03012344
TMT,Rarotonga,vora,64.90252163
TMT,Rarotonga,vorapī,60.08090981
AAN,Rarotonga,ꞌakarevaꞌia,43.57444344
AAN,Rarotonga,ꞌakarevaꞌia,44.73979628
TPT,Rarotonga,ꞌakavā,65.63228131
TPT,Rarotonga,ꞌakavāꞌanga,59.15018825
TPT,Rarotonga,ꞌakavāꞌia,48.60283518
TMT,Rarotonga,ꞌāviri,59.29200567
