speaker,island,word,f2
TA,Atiu,ava,964.3924523
TA,Atiu,ava,950.2332673
TA,Atiu,ava,2575.962097
TA,Atiu,ava,961.5735722
TA,Atiu,ava,984.454109
TA,Atiu,ava,896.0440639
TA,Atiu,ava,812.6965794
TA,Atiu,ava,1382.613488
TA,Atiu,ava,751.1415106
TA,Atiu,ava,945.4486853
TA,Atiu,avatea,578.591891
TA,Atiu,avatea,1023.503353
TA,Atiu,avatea,1233.426358
TA,Atiu,avatea,1357.763358
TA,Atiu,iva,1077.105459
TA,Atiu,iva,879.5596718
TA,Atiu,iva,972.0623778
TA,Atiu,iva,1253.63633
TA,Atiu,kauvai,2012.281723
TA,Atiu,kauvai,505.7258552
TA,Atiu,kavamani,907.9087878
TA,Atiu,kave,793.8247516
TA,Atiu,manukavamani,909.9409243
TA,Atiu,rava,969.3674761
TA,Atiu,rava,1397.268654
TA,Atiu,rave,1392.423067
TA,Atiu,rave,1151.78772
TA,Atiu,rave,1317.828065
TA,Atiu,raveꞌanga,1299.368643
TA,Atiu,rāvenga,1445.688441
TA,Atiu,tuava,1004.313789
TA,Atiu,tuava,1092.969687
TA,Atiu,tāviri,1961.697222
TA,Atiu,vai,972.5303565
TA,Atiu,vai,874.9060095
TA,Atiu,vai,831.6540817
TA,Atiu,vai,856.6909063
TA,Atiu,vai,880.5387937
TA,Atiu,vai,880.5387937
TA,Atiu,vai,901.7726157
TA,Atiu,vai,996.1418249
TA,Atiu,vai,855.6295667
TA,Atiu,vai,968.6529113
TA,Atiu,vai,678.8034821
TA,Atiu,vai,910.4682396
TA,Atiu,vai,896.2245062
TA,Atiu,vai,931.4102384
TA,Atiu,vai,831.5216152
TA,Atiu,vai,1477.759503
TA,Atiu,vai,880.2109627
TA,Atiu,vai,879.6715322
TA,Atiu,vai,851.0776324
TA,Atiu,vai,968.0337894
TA,Atiu,vai,882.0984736
TA,Atiu,vai,860.5021937
TA,Atiu,vai,912.3980363
TA,Atiu,vai,1454.16707
TA,Atiu,vai,867.2387728
TA,Atiu,vai,860.7472243
TA,Atiu,vai,868.263378
TA,Atiu,vai,1258.750945
TA,Atiu,vai,910.1813223
TA,Atiu,vai,957.6084345
TA,Atiu,vai,764.2332411
TA,Atiu,vai,691.4463926
TA,Atiu,vai,956.158594
TA,Atiu,vai,994.1079736
TA,Atiu,vai,775.262371
TA,Atiu,vai,1066.547813
TA,Atiu,vai,790.1287159
TA,Atiu,vai,825.6871447
TA,Atiu,vai,812.4174308
TA,Atiu,vai,1627.994079
TA,Atiu,vai,931.2925677
TA,Atiu,vai,884.4028594
TA,Atiu,vaipuke,798.5783892
TA,Atiu,vaipuke,917.8064776
TA,Atiu,vaka,837.9835693
TA,Atiu,varaoa,921.9354138
TA,Atiu,varaoa,917.9100525
TA,Atiu,varaoa,1796.4257
TA,Atiu,vari,1671.346339
TA,Atiu,vari,915.0325241
TA,Atiu,varu,999.1229336
TA,Atiu,varu,931.9902373
TA,Atiu,vaꞌine,1345.750753
TA,Atiu,vaꞌine,868.4645187
TA,Atiu,vaꞌine,865.5036631
TA,Atiu,vaꞌo,828.052351
TA,Atiu,vaꞌo,830.3345622
TA,Atiu,vāvia,835.5488916
TA,Atiu,vāvia,1331.392136
TA,Atiu,vāvia,815.7519121
TA,Atiu,vāvia,1474.892168
TA,Atiu,vāvia,799.0379275
TA,Atiu,vāvia,1431.436686
TA,Atiu,vāvia,940.5097829
TA,Atiu,vāvia,1322.401141
TA,Atiu,vāvia,903.8585912
TA,Atiu,vāvia,1495.137321
TA,Atiu,vē,1570.740746
TA,Atiu,vēꞌi,2339.684844
TA,Atiu,vēꞌi,2152.366062
TA,Atiu,vēꞌi,2077.790159
TA,Atiu,vī,1938.084593
TA,Atiu,vī,1814.930196
TA,Atiu,āvota,1079.947107
TA,Atiu,ꞌakavā,890.7893051
TA,Atiu,ꞌakavā,935.8982657
TA,Atiu,ꞌakavā,890.7893051
TA,Atiu,ꞌakavā,935.8982657
TA,Atiu,ꞌakavā,868.6987659
TA,Atiu,ꞌakavā,868.6987659
TA,Atiu,ꞌakaꞌārāveiꞌanga,1332.892431
TA,Atiu,ꞌārāvei,1385.778947
TA,Atiu,ꞌārāvei,1248.350324
TA,Atiu,ꞌārāvei,1217.72972
TA,Atiu,ꞌārāvei,1347.549549
JA,Mauke,ava,1112.128475
JE,Mauke,ava,1980.644011
JE,Mauke,ava,1004.482095
JE,Mauke,ava,1005.834674
JE,Mauke,ava,1033.965955
JE,Mauke,ava,971.2454118
MM,Mauke,ava,983.4025629
MM,Mauke,ava,1077.32675
JA,Mauke,avaava,1061.608528
JA,Mauke,avaava,1023.600363
JA,Mauke,avaava,1101.824196
JA,Mauke,avaava,1001.335136
JA,Mauke,avaavaꞌia,1035.244231
JA,Mauke,avaavaꞌia,1094.012539
JE,Mauke,avaiki,1525.737791
JE,Mauke,avaiki,1062.992186
MSC,Mauke,avaiki,1338.701988
JE,Mauke,avanā,1160.588276
JE,Mauke,avanā,1091.080457
JE,Mauke,avata,2108.214864
MSC,Mauke,evangeria,1755.956148
MM,Mauke,evenheria,1417.128606
JA,Mauke,improveꞌia,1449.977113
JE,Mauke,iva,1288.831175
MM,Mauke,iva,1577.672416
MM,Mauke,iva,2406.384364
MM,Mauke,iva,1187.048727
MM,Mauke,iva,1022.17013
MM,Mauke,iva,2185.499774
MM,Mauke,iva,1712.07031
JE,Mauke,kaikava,1060.454565
JA,Mauke,kava,1095.169851
JE,Mauke,kava,1651.04837
JE,Mauke,kava,1651.04837
JE,Mauke,kava,1312.491005
JE,Mauke,kava,974.2150877
MM,Mauke,kava,2454.478349
MM,Mauke,kava,1387.474745
MM,Mauke,kavamani,1802.028177
MSC,Mauke,kavamani,991.7951918
MSC,Mauke,kavamani,829.9137692
JE,Mauke,kaveinga,1305.38353
JE,Mauke,kaveinga,1184.320001
MSC,Mauke,kaveinga,1481.968077
MSC,Mauke,kaveinga,1418.866745
JA,Mauke,kivi,1742.998878
JA,Mauke,navenave,1324.539311
JA,Mauke,navenave,1130.15932
JE,Mauke,nēneva,1366.393277
JE,Mauke,ovi,1498.278918
JE,Mauke,ovi,1703.434794
JE,Mauke,ovi,1675.700167
MSC,Mauke,oꞌavaiki,1572.992825
JA,Mauke,rava,1087.348496
JA,Mauke,rava,1146.202684
JA,Mauke,rava,1071.12649
JE,Mauke,rava,1135.211854
JE,Mauke,rava,986.568975
JE,Mauke,rava,1015.589317
JE,Mauke,rava,997.2958756
JE,Mauke,rava,1086.859483
JE,Mauke,rava,1146.624371
JE,Mauke,rava,1204.344273
JE,Mauke,rava,982.9849429
JE,Mauke,rava,1045.554916
JE,Mauke,rava,1068.599591
JE,Mauke,rava,956.8229684
MM,Mauke,rava,1106.407427
MM,Mauke,rava,800.4408339
MSC,Mauke,rava,1410.315924
MSC,Mauke,rava,932.2446438
MSC,Mauke,rava,2385.335386
MSC,Mauke,rava,961.4810243
MSC,Mauke,rava,926.8311089
MSC,Mauke,rava,1248.113218
MSC,Mauke,rava,1022.843576
MSC,Mauke,ravaꞌia,2368.278388
MSC,Mauke,ravaꞌia,1890.31481
JA,Mauke,rave,1140.735536
JA,Mauke,rave,1116.156664
JA,Mauke,rave,1121.395428
JA,Mauke,rave,1132.000922
JA,Mauke,rave,1679.92939
JA,Mauke,rave,1147.06069
JA,Mauke,rave,1180.650295
JA,Mauke,rave,1142.968514
JA,Mauke,rave,1168.741154
JA,Mauke,rave,1124.103365
JA,Mauke,rave,1209.931771
JA,Mauke,rave,1234.891727
JA,Mauke,rave,1209.685007
JE,Mauke,rave,1798.44124
JE,Mauke,rave,1900.215692
JE,Mauke,rave,1398.774648
MM,Mauke,rave,784.45701
MM,Mauke,rave,965.5872107
MM,Mauke,rave,1205.570158
MM,Mauke,rave,913.3313528
MM,Mauke,rave,1316.949509
MM,Mauke,rave,1243.761378
MM,Mauke,rave,1183.046381
MM,Mauke,rave,1071.759784
MM,Mauke,rave,1012.30194
MSC,Mauke,rave,1698.701557
MSC,Mauke,raveꞌanga,1721.523787
JA,Mauke,raveꞌia,1183.498387
JA,Mauke,raveꞌia,1421.126248
JA,Mauke,raveꞌia,1351.941152
JA,Mauke,raveꞌia,1172.802577
JA,Mauke,raveꞌia,1350.035464
JA,Mauke,raveꞌia,1204.203792
JA,Mauke,raveꞌia,1118.667251
JA,Mauke,raveꞌia,1108.790446
JE,Mauke,raveꞌia,1099.541403
MM,Mauke,raveꞌia,1151.030357
MM,Mauke,raveꞌia,1107.234367
JA,Mauke,reva,1197.082812
MSC,Mauke,reva,2123.198225
JE,Mauke,ruatakiva,1646.740976
MSC,Mauke,tuaꞌivi,2053.28637
JE,Mauke,tuāꞌivi,1851.885261
JE,Mauke,tuāꞌivi,1796.203826
JE,Mauke,tuāꞌivi,1771.915439
JA,Mauke,tāreva,1393.760865
MM,Mauke,tāviri,1267.415594
JA,Mauke,tāviriviri,1314.988997
JA,Mauke,tāviriviri,1627.332852
JA,Mauke,tīvaivai,1434.205296
JA,Mauke,tīvaivai,2186.831403
JA,Mauke,tīvī,1921.256374
JA,Mauke,tīvī,2035.826521
JE,Mauke,tūava,2131.045261
JE,Mauke,tūava,2131.045261
JE,Mauke,tūava,944.014326
JE,Mauke,tūava,944.014326
JA,Mauke,vaere,1327.769798
JA,Mauke,vaerua,1482.339912
JA,Mauke,vaerua,1680.418518
MSC,Mauke,vaerua,1302.030165
JA,Mauke,vai,993.5745474
JA,Mauke,vai,1042.328787
JA,Mauke,vai,1195.483432
JA,Mauke,vai,2040.197763
JA,Mauke,vai,900.5063018
JA,Mauke,vai,712.5202777
JA,Mauke,vai,2246.419254
JA,Mauke,vai,1018.241493
JA,Mauke,vai,1048.487976
JA,Mauke,vai,830.859089
JE,Mauke,vai,1786.840519
JE,Mauke,vai,1786.840519
JE,Mauke,vai,1303.769453
JE,Mauke,vai,1386.170558
JE,Mauke,vai,1362.54118
JE,Mauke,vai,1573.633405
JE,Mauke,vai,1158.937655
JE,Mauke,vai,1522.588647
JE,Mauke,vai,1305.2776
JE,Mauke,vai,1066.405725
MM,Mauke,vai,706.7671292
MM,Mauke,vai,658.7257085
MM,Mauke,vai,2132.544093
MM,Mauke,vai,2144.75349
MM,Mauke,vai,1698.709671
MM,Mauke,vai,1137.141758
MSC,Mauke,vai,1689.006683
MSC,Mauke,vai,1261.577766
MSC,Mauke,vai,1043.928092
MSC,Mauke,vai,1450.630535
MSC,Mauke,vai,1134.16313
MSC,Mauke,vaikinga,2404.407426
MSC,Mauke,vaikinga,1305.865729
JE,Mauke,vairanga,1447.058344
JE,Mauke,vairanga,1447.058344
JE,Mauke,vairanga,1196.26372
MSC,Mauke,vairanga,1338.45784
MSC,Mauke,vairanga,1940.925218
JA,Mauke,vairākau,1553.044833
JA,Mauke,vairākau,1770.464835
JA,Mauke,vaitata,978.3738208
MM,Mauke,vaitata,2204.438881
MM,Mauke,vaitata,2308.601083
MM,Mauke,vaitata,883.7169036
MSC,Mauke,vaitata,1289.53765
MSC,Mauke,vaitata,1320.58676
MSC,Mauke,vaitata,1035.082263
JA,Mauke,vaito,1357.551742
JA,Mauke,vaivai,1375.671124
JA,Mauke,vaivai,1407.293027
JA,Mauke,vaiꞌi,1781.913897
MM,Mauke,vaiꞌo,1429.122862
MSC,Mauke,vaiꞌī,2209.26973
MSC,Mauke,vaiꞌī,2006.157482
MSC,Mauke,vaiꞌī,914.0383705
MSC,Mauke,vaiꞌī,1256.627115
MSC,Mauke,vaiꞌī,1276.878063
MSC,Mauke,vaiꞌī,1313.146811
MSC,Mauke,vaiꞌī,1316.125304
MSC,Mauke,vaiꞌī,1586.729884
JE,Mauke,vaka,2194.980386
JE,Mauke,vaka,1224.076787
JE,Mauke,vaka,1630.078806
JE,Mauke,vaka,1595.611608
JE,Mauke,vaka,1195.127909
JE,Mauke,vaka,1238.788867
JE,Mauke,vaka,1298.214487
JE,Mauke,vaka,1081.344509
JE,Mauke,vaka,1719.652858
JE,Mauke,vaka,1542.333973
JE,Mauke,vaka,1076.314942
JE,Mauke,vaka,1147.577678
JE,Mauke,vaka,1485.364726
JE,Mauke,vaka,1296.215552
JE,Mauke,vaka,2139.19445
JE,Mauke,vaka,1468.181171
JE,Mauke,vaka,1024.357421
JE,Mauke,vaka,1144.543036
JE,Mauke,vaka,1894.229746
JE,Mauke,vaka,1236.453371
JE,Mauke,vaka,1673.631437
JE,Mauke,vaka,1241.131686
JE,Mauke,vaka,1038.798652
JE,Mauke,vaka,1789.799913
JE,Mauke,vaka,1167.273448
JE,Mauke,vaka,1641.822621
JE,Mauke,vaka,2045.635511
JE,Mauke,vaka,1149.03047
JE,Mauke,vaka,1478.840835
JE,Mauke,vaka,1234.791553
JE,Mauke,vaka,1312.455421
JE,Mauke,vaka,1386.915548
JE,Mauke,vaka,2451.805291
JE,Mauke,vaka,998.884449
JE,Mauke,vaka,1245.502276
JE,Mauke,vaka,1273.381193
JE,Mauke,vaka,1498.943954
JE,Mauke,vaka,1441.662299
JE,Mauke,vaka,1678.331421
JE,Mauke,vaka,890.9783846
JE,Mauke,vaka,2255.745304
JE,Mauke,vaka,1069.173307
JE,Mauke,vaka,1592.552855
JE,Mauke,vaka,2069.528878
JE,Mauke,vaka,1246.638885
JE,Mauke,vaka,1190.177603
JE,Mauke,vaka,802.8346488
JE,Mauke,vaka,1864.19098
JE,Mauke,vaka,1926.552072
JE,Mauke,vaka,982.554662
JE,Mauke,vaka,1329.956064
JE,Mauke,vaka,1021.310687
JE,Mauke,vaka,1122.718359
JE,Mauke,vaka,1092.625094
JE,Mauke,vaka,1507.783482
JE,Mauke,vaka,842.7720366
JE,Mauke,vaka,1146.643914
JE,Mauke,vaka,2005.306741
JE,Mauke,vaka,1594.125189
JE,Mauke,vaka,1529.379466
JE,Mauke,vaka,1157.936737
JE,Mauke,vaka,1631.095096
JE,Mauke,vaka,2095.685637
JE,Mauke,vaka,1698.716275
JE,Mauke,vaka,1407.606926
JE,Mauke,vaka,1438.340456
JE,Mauke,vaka,1978.863846
JE,Mauke,vaka,1077.062979
JE,Mauke,vaka,1293.762436
JE,Mauke,vaka,1116.921081
MM,Mauke,vaka,1024.400519
MM,Mauke,vaka,899.3012212
MM,Mauke,vaka,1242.884917
MM,Mauke,vaka,921.8664887
MM,Mauke,vaka,1907.7367
MM,Mauke,vaka,2101.982304
MM,Mauke,vaka,1198.826454
MM,Mauke,vaka,847.1193654
MM,Mauke,vaka,650.8203783
MM,Mauke,vaka,2324.422391
MM,Mauke,vaka,823.9521836
MM,Mauke,vaka,1301.916115
MM,Mauke,vaka,902.3642776
MM,Mauke,vaka,1701.453848
MM,Mauke,vaka,669.1848632
MSC,Mauke,vaka,1284.631037
MSC,Mauke,vaka,1005.9192
JE,Mauke,vao,1793.92936
JA,Mauke,varaini,1657.524182
JA,Mauke,varaire,1443.728616
JA,Mauke,varani,1084.801656
JA,Mauke,varani,1654.681261
JA,Mauke,varani,3148.796823
JA,Mauke,varani,1703.358865
JA,Mauke,varani,1144.441667
JA,Mauke,varani,1719.929772
MSC,Mauke,varani,950.6498233
JA,Mauke,varea,899.5562065
JA,Mauke,vareaꞌia,1061.277192
JA,Mauke,vari,2172.286555
JA,Mauke,varu,1603.320345
MSC,Mauke,varāoa,1418.673147
JA,Mauke,vave,1103.057675
JA,Mauke,vave,1249.766425
JA,Mauke,vave,1168.842998
JA,Mauke,vave,1295.982362
JA,Mauke,vave,1236.672387
JA,Mauke,vave,1198.593863
JA,Mauke,vave,1408.097152
JA,Mauke,vave,1839.256946
JA,Mauke,vave,1431.723086
JA,Mauke,vave,1277.468923
MSC,Mauke,vave,937.3147387
MSC,Mauke,vave,1425.531336
JA,Mauke,vavia,1024.914494
JA,Mauke,vavia,1336.550097
JA,Mauke,vavia,1117.341658
JA,Mauke,vavia,1680.770346
JA,Mauke,vaꞌa,865.0648042
MM,Mauke,vaꞌa,601.278973
MM,Mauke,vaꞌa,781.0552371
JA,Mauke,vaꞌarua,926.5146399
MSC,Mauke,vaꞌeꞌau,828.8838447
JA,Mauke,vaꞌine,1498.693535
JA,Mauke,vaꞌine,1125.394362
JA,Mauke,vaꞌine,1466.865105
JA,Mauke,vaꞌine,1292.428357
JA,Mauke,vaꞌine,1107.186138
JA,Mauke,vaꞌine,815.219654
JA,Mauke,vaꞌine,1131.049286
JA,Mauke,vaꞌine,1782.594047
JA,Mauke,vaꞌine,1373.535438
JE,Mauke,vaꞌine,1410.35752
JE,Mauke,vaꞌine,1711.919141
JE,Mauke,vaꞌine,1801.032768
JE,Mauke,vaꞌine,2040.253682
JE,Mauke,vaꞌine,1813.650641
JE,Mauke,vaꞌine,2027.231372
JE,Mauke,vaꞌine,1961.385831
JE,Mauke,vaꞌine,1942.614234
JE,Mauke,vaꞌine,2375.26672
JE,Mauke,vaꞌine,1477.184561
JE,Mauke,vaꞌine,1174.557249
JE,Mauke,vaꞌine,2130.622233
JE,Mauke,vaꞌine,1057.902355
JE,Mauke,vaꞌine,1057.902355
MM,Mauke,vaꞌine,899.4219946
MM,Mauke,vaꞌine,765.1771951
MM,Mauke,vaꞌine,1561.771339
MM,Mauke,vaꞌine,731.1239011
MM,Mauke,vaꞌine,1257.280002
MM,Mauke,vaꞌine,823.3393806
MM,Mauke,vaꞌine,2100.481035
MM,Mauke,vaꞌine,1395.864955
MM,Mauke,vaꞌine,651.5122252
MM,Mauke,vaꞌine,481.211513
MM,Mauke,vaꞌine,796.3755276
MSC,Mauke,vaꞌine,1185.719762
JA,Mauke,vaꞌiē,1196.638853
JA,Mauke,vaꞌiē,1409.89196
JA,Mauke,vaꞌiē,1685.765982
JA,Mauke,vaꞌo,881.7406818
JA,Mauke,vaꞌo,1598.761583
JA,Mauke,vaꞌo,1161.275558
JA,Mauke,vaꞌo,1619.646063
JA,Mauke,vaꞌo,1676.1483700000001
JA,Mauke,vaꞌo,2083.344275
JA,Mauke,vaꞌo,668.1935362
JA,Mauke,vaꞌo,1239.669366
JA,Mauke,vaꞌo,1232.004221
JA,Mauke,vaꞌo,1844.611031
JA,Mauke,vaꞌo,1025.045238
JA,Mauke,vaꞌo,1914.202331
JA,Mauke,vaꞌo,1767.18068
JE,Mauke,vaꞌo,2243.738475
MSC,Mauke,vaꞌo,599.5275734
MSC,Mauke,vaꞌo,1487.554501
MSC,Mauke,vaꞌo,970.8140513
JA,Mauke,vaꞌī,1634.978261
JA,Mauke,vaꞌī,864.7233811
JA,Mauke,vera,1369.725318
JA,Mauke,veravera,1495.388865
JA,Mauke,veravera,1235.395836
JE,Mauke,veritūamaroa,1620.819579
JE,Mauke,veritūamaroa,1515.926382
JE,Mauke,veritūamaroa,1517.802456
JA,Mauke,vetiꞌia,1791.84786
JA,Mauke,veꞌeveꞌe,1595.226166
JA,Mauke,veꞌeveꞌe,1681.01642
JA,Mauke,vinivini,1387.820951
JA,Mauke,vinivini,1471.025736
JA,Mauke,vinivini,1572.827294
JA,Mauke,vinivini,1240.034138
JA,Mauke,viriꞌia,2044.934053
JA,Mauke,viriꞌia,1747.231751
JA,Mauke,vitiviti,1298.578028
JA,Mauke,vitiviti,1769.440263
JA,Mauke,viviki,1457.29376
JA,Mauke,viviki,1809.997515
MSC,Mauke,viviki,1986.652375
MSC,Mauke,viviki,1922.433996
JA,Mauke,viꞌiviꞌi,1708.206582
JA,Mauke,viꞌiviꞌi,1884.739081
JA,Mauke,vā,1404.297494
JA,Mauke,vāvia,945.8917221
JA,Mauke,vāvia,1299.440845
JA,Mauke,vāvia,864.5333643
JA,Mauke,vāvia,1654.661971
MM,Mauke,vāvie,1050.009981
MM,Mauke,vāvie,1663.948875
JA,Mauke,vāvā,1017.924178
JA,Mauke,vāvā,1082.689498
JA,Mauke,vāvā,3024.801797
JA,Mauke,vāvā,1556.903072
JE,Mauke,vēꞌi,2546.94897
JE,Mauke,vēꞌi,2546.94897
JE,Mauke,vēꞌi,2004.011488
JE,Mauke,vēꞌi,2004.011488
JE,Mauke,vēꞌī,1700.564173
JE,Mauke,vēꞌī,1700.564173
JE,Mauke,vēꞌī,1839.774538
JE,Mauke,vēꞌī,1839.774538
JE,Mauke,vēꞌī,1978.451513
JE,Mauke,vēꞌī,1978.451513
JE,Mauke,vēꞌī,NA
JE,Mauke,vēꞌī,1806.441726
JE,Mauke,vēꞌī,NA
JE,Mauke,vēꞌī,1806.441726
JE,Mauke,vēꞌī,1601.714699
JE,Mauke,vēꞌī,1601.714699
JA,Mauke,vī,1668.151204
JE,Mauke,ꞌakarevaꞌia,1091.932947
JE,Mauke,ꞌakarevaꞌia,1170.295217
JE,Mauke,ꞌakarevaꞌia,2023.274171
JE,Mauke,ꞌakarevaꞌia,1377.858471
JA,Mauke,ꞌakavaꞌavaꞌa,988.1709465
JA,Mauke,ꞌakavaꞌavaꞌa,1106.520125
JA,Mauke,ꞌakavaꞌavaꞌaꞌia,1082.117817
JA,Mauke,ꞌakavaꞌavaꞌaꞌia,1097.474894
JA,Mauke,ꞌakavaꞌavaꞌaꞌia,1048.718457
JA,Mauke,ꞌakavaꞌavaꞌaꞌia,1094.550012
JA,Mauke,ꞌakavaꞌavaꞌva,1427.748653
JA,Mauke,ꞌakavaꞌavaꞌva,1425.104165
JA,Mauke,ꞌakavaꞌavaꞌva,1588.363276
MSC,Mauke,ꞌavaiki,2032.924604
MSC,Mauke,ꞌavaiki,1908.028017
MSC,Mauke,ꞌavaiki,722.3923675
JA,Mauke,ꞌānēnevaꞌia,1144.835544
JA,Mauke,ꞌārāvei,1231.944457
JA,Mauke,ꞌārāvei,1256.175453
JA,Mauke,ꞌārāvei,1071.964912
JA,Mauke,ꞌāvata,989.9257911
JA,Mauke,ꞌāviri,1147.659211
BPT,Penrhyn,iva,969.343336
BPT,Penrhyn,iva,944.9395806
BPT,Penrhyn,ivi,2145.945501
BPT,Penrhyn,ivi,2106.420531
BPT,Penrhyn,ivi,1951.093118
BPT,Penrhyn,ivi,1981.107586
BPT,Penrhyn,ivi,1732.961023
BPT,Penrhyn,ivi,2028.502721
BPT,Penrhyn,ivi,2071.694431
BPT,Penrhyn,kave,1114.91673
BPT,Penrhyn,kiva,1832.454018
BPT,Penrhyn,mākave,1183.893389
BPT,Penrhyn,nukuteveri,1724.279989
BPT,Penrhyn,rava,1087.533939
BPT,Penrhyn,rava,951.099269
BPT,Penrhyn,rava,1036.380074
BPT,Penrhyn,rava,930.5624303
BPT,Penrhyn,rava,934.7668345
BPT,Penrhyn,rava,984.9416934
BPT,Penrhyn,rava,965.4112598
BPT,Penrhyn,rava,902.9285048
BPT,Penrhyn,rava,1085.126578
BPT,Penrhyn,rava,1000.813891
BPT,Penrhyn,rava,1215.504068
BPT,Penrhyn,rava,2534.769747
BPT,Penrhyn,rava,1293.774613
BPT,Penrhyn,rava,1068.995888
BPT,Penrhyn,rava,1170.032008
BPT,Penrhyn,rava,1082.260649
BPT,Penrhyn,rava,1290.760224
BPT,Penrhyn,ravakai,996.3920325
BPT,Penrhyn,ravakai,952.2073379
BPT,Penrhyn,ravakai,1073.023484
BPT,Penrhyn,ravakai,1057.161202
BPT,Penrhyn,ravakai,2026.410338
BPT,Penrhyn,ravakai,844.9737963
BPT,Penrhyn,ravarava,1050.932526
BPT,Penrhyn,ravarava,991.8227246
BPT,Penrhyn,rave,1022.08496
BPT,Penrhyn,rave,1063.776749
BPT,Penrhyn,rave,1149.238893
BPT,Penrhyn,rave,1323.902843
BPT,Penrhyn,rave,1190.22161
BPT,Penrhyn,rave,1216.461237
BPT,Penrhyn,rave,921.8091004
BPT,Penrhyn,rave,2970.6715
BPT,Penrhyn,ravenga,1207.255026
BPT,Penrhyn,ravenga,809.0958244
BPT,Penrhyn,ravenga,1003.858078
BPT,Penrhyn,ravenga,1166.09291
BPT,Penrhyn,ravenga,1107.715108
BPT,Penrhyn,raverave,1152.034879
BPT,Penrhyn,raverave,1186.279047
BPT,Penrhyn,raveꞌanga,1148.123351
BPT,Penrhyn,raveꞌanga,1217.954251
BPT,Penrhyn,raveꞌanga,1054.467929
BPT,Penrhyn,raveꞌia,1270.820185
BPT,Penrhyn,rāvenga,1250.590949
BPT,Penrhyn,rāvenga,1203.035476
BPT,Penrhyn,rāvenga,1275.498924
BPT,Penrhyn,rāvenga,1262.426502
BPT,Penrhyn,rāvenga,1197.885477
BPT,Penrhyn,rāvenga,1227.207675
BPT,Penrhyn,rāvenga,1221.720578
BPT,Penrhyn,rāvenga,1290.232928
BPT,Penrhyn,rāvenga,1254.455415
BPT,Penrhyn,rāvenga,1206.326145
BPT,Penrhyn,rāvenga,1181.007838
BPT,Penrhyn,rāvenga,1205.971931
BPT,Penrhyn,tumutevarovaro,1008.390196
BPT,Penrhyn,tumutevarovaro,2344.265199
BPT,Penrhyn,tūrāvaꞌo,1525.052633
BPT,Penrhyn,vaerua,1034.292908
BPT,Penrhyn,vaerua,1659.343821
BPT,Penrhyn,vaerua,883.4802667
BPT,Penrhyn,vai,1659.993111
BPT,Penrhyn,vai,2495.505172
BPT,Penrhyn,vai,1735.346668
BPT,Penrhyn,vai,948.410344
BPT,Penrhyn,vai,972.8284625
BPT,Penrhyn,vai,980.3624908
BPT,Penrhyn,vai,2342.5696
BPT,Penrhyn,vai,2410.225042
BPT,Penrhyn,vai,2557.937577
BPT,Penrhyn,vai,1690.36681
BPT,Penrhyn,vai,2702.608205
BPT,Penrhyn,vai,1558.95183
BPT,Penrhyn,vai,2153.76566
BPT,Penrhyn,vai,2384.00792
BPT,Penrhyn,vai,1897.301825
BPT,Penrhyn,vai,931.254516
BPT,Penrhyn,vaiau,2427.00847
BPT,Penrhyn,vaiau,2303.180681
BPT,Penrhyn,vairanga,921.7163688
BPT,Penrhyn,vairanga,981.2643184
BPT,Penrhyn,vairanga,1794.989713
BPT,Penrhyn,vaitata,2220.922205
BPT,Penrhyn,vaitata,824.6875121
BPT,Penrhyn,vaitata,796.2580839
BPT,Penrhyn,vaitata,714.7572774
BPT,Penrhyn,vaitata,1641.710531
BPT,Penrhyn,vaitata,953.8444349
BPT,Penrhyn,vaitata,2348.920414
BPT,Penrhyn,vaitata,956.3296053
BPT,Penrhyn,vaitata,1490.487871
BPT,Penrhyn,vaitata,1229.678645
BPT,Penrhyn,vaitata,969.1285296
BPT,Penrhyn,vaitata,1159.071408
BPT,Penrhyn,vaitata,1190.833723
BPT,Penrhyn,vaitata,833.4134564
BPT,Penrhyn,vaiti,1939.842117
BPT,Penrhyn,vaitoꞌanga,2504.687738
BPT,Penrhyn,vaitoꞌanga,889.0851142
BPT,Penrhyn,vaitoꞌia,923.6201542
BPT,Penrhyn,vaiꞌī,1505.553375
BPT,Penrhyn,vaiꞌī,2408.618635
BPT,Penrhyn,vaiꞌī,950.4600993
BPT,Penrhyn,vaka,1025.127258
BPT,Penrhyn,vaka,860.9352648
BPT,Penrhyn,vaka,2381.635474
BPT,Penrhyn,vaka,1821.804507
BPT,Penrhyn,vaka,1923.070004
BPT,Penrhyn,vaka,1111.99408
BPT,Penrhyn,vaka,1078.146084
BPT,Penrhyn,vaka,2592.17307
BPT,Penrhyn,vaka,1189.150974
BPT,Penrhyn,vaka,986.1260888
BPT,Penrhyn,varu,1410.256886
BPT,Penrhyn,vaꞌine,1678.610696
BPT,Penrhyn,vaꞌine,894.4105613
BPT,Penrhyn,vaꞌine,899.4062505
BPT,Penrhyn,vaꞌine,2192.029314
BPT,Penrhyn,vaꞌine,2125.038415
BPT,Penrhyn,vaꞌine,784.0564455
BPT,Penrhyn,vaꞌine,1215.51185
BPT,Penrhyn,vaꞌine,2204.023716
BPT,Penrhyn,vaꞌine,1014.014616
BPT,Penrhyn,vaꞌine,1838.386399
BPT,Penrhyn,vaꞌo,2082.216865
BPT,Penrhyn,veri,1827.421074
BPT,Penrhyn,viti,2442.040894
BPT,Penrhyn,viviki,1949.972429
BPT,Penrhyn,viviki,1995.596498
BPT,Penrhyn,viviki,1908.475867
BPT,Penrhyn,viviki,1868.789222
BPT,Penrhyn,viviki,1919.904906
BPT,Penrhyn,viviki,2009.816629
BPT,Penrhyn,viviki,1916.159512
BPT,Penrhyn,viviki,1892.434651
BPT,Penrhyn,viviki,2028.460512
BPT,Penrhyn,viviki,2051.296447
BPT,Penrhyn,viviki,1867.665823
BPT,Penrhyn,viviki,1839.384036
BPT,Penrhyn,viviki,2071.213412
BPT,Penrhyn,viviki,2014.634666
BPT,Penrhyn,vānanga,1125.69089
BPT,Penrhyn,vāꞌanga,1227.929528
BPT,Penrhyn,vāꞌi,1302.355952
BPT,Penrhyn,vāꞌine,2480.973845
BPT,Penrhyn,vāꞌine,932.7090663
BPT,Penrhyn,vāꞌine,1661.244535
BPT,Penrhyn,vāꞌine,891.8873035
BPT,Penrhyn,vāꞌine,923.3823315
BPT,Penrhyn,vāꞌine,996.4994511
BPT,Penrhyn,vāꞌine,1073.16767
BPT,Penrhyn,vītī,2135.575561
BPT,Penrhyn,vītī,1250.127115
BPT,Penrhyn,vītī,1893.817272
BPT,Penrhyn,ꞌakavaitata,2332.043755
BPT,Penrhyn,ꞌavaiki,861.186563
AAN,Rarotonga,ava,1277.237754
AAN,Rarotonga,ava,1299.673839
AAN,Rarotonga,avaiki,2624.753064
AAN,Rarotonga,avaiki,1189.066515
KDN,Rarotonga,dāvida,1790.90734
KDN,Rarotonga,dāvida,1710.289537
KDN,Rarotonga,dāvida,1746.595754
TPT,Rarotonga,dāvida,1637.338831
TMT,Rarotonga,kave,1565.916925
TPT,Rarotonga,levi,1901.637548
TPT,Rarotonga,levi,2132.911888
TPT,Rarotonga,levi,2062.680081
KDN,Rarotonga,peroveta,1634.776799
TPT,Rarotonga,peroveta,1489.775041
TPT,Rarotonga,peroveta,1768.656559
AAN,Rarotonga,rava,1432.94077
AAN,Rarotonga,rava,1115.183291
KDN,Rarotonga,rava,1869.721516
KDN,Rarotonga,rava,1776.575749
KDN,Rarotonga,rava,1435.072667
KDN,Rarotonga,rava,1279.608981
KDN,Rarotonga,rava,1265.385634
KDN,Rarotonga,rava,775.0117316
KDN,Rarotonga,rava,1557.881729
KDN,Rarotonga,rava,1054.644428
KDN,Rarotonga,rava,691.5851066
KDN,Rarotonga,rava,990.2793206
KDN,Rarotonga,rava,1189.753017
KDN,Rarotonga,rava,1471.113168
TMT,Rarotonga,rava,1059.682957
TPT,Rarotonga,rava,1448.612405
TPT,Rarotonga,rava,1419.31993
TPT,Rarotonga,rava,1437.852036
TPT,Rarotonga,rava,1223.036939
TPT,Rarotonga,rava,1158.156851
TPT,Rarotonga,rava,898.9989616
TPT,Rarotonga,rava,1357.782133
TPT,Rarotonga,rava,1348.873155
TPT,Rarotonga,rava,1258.997672
TPT,Rarotonga,rava,1279.789755
TPT,Rarotonga,ravakai,1768.073335
TPT,Rarotonga,ravarai,1186.147998
AAN,Rarotonga,rave,1999.837056
AAN,Rarotonga,rave,1662.318306
KDN,Rarotonga,rave,1613.852021
KDN,Rarotonga,rave,1565.868956
TMT,Rarotonga,rave,1449.998021
TMT,Rarotonga,rave,1446.929317
TMT,Rarotonga,rave,1641.16678
TMT,Rarotonga,rave,1354.201669
TPT,Rarotonga,rave,1496.36733
TPT,Rarotonga,rave,1464.291128
TPT,Rarotonga,rave,1540.50214
TPT,Rarotonga,rave,1380.570139
TPT,Rarotonga,rave,1418.763414
TPT,Rarotonga,rave,1627.870988
TPT,Rarotonga,rave,1409.08698
TPT,Rarotonga,rave,1451.290161
TPT,Rarotonga,rave,1463.291968
TPT,Rarotonga,rave,1074.552513
TPT,Rarotonga,rave,1256.541423
TPT,Rarotonga,rave,1398.905262
TPT,Rarotonga,rave,1058.051891
TPT,Rarotonga,rave,1229.604328
AAN,Rarotonga,raveꞌia,1321.420392
RP,Rarotonga,raveꞌia,1705.21495
TMT,Rarotonga,reva,1413.35357
TMT,Rarotonga,reva,1244.083254
TMT,Rarotonga,tv,1935.122915
TMT,Rarotonga,tv,1748.055346
TMT,Rarotonga,tv,1920.256075
TMT,Rarotonga,tv,2275.10837
KDN,Rarotonga,tāvini,1695.924705
KDN,Rarotonga,va,1812.672418
KDN,Rarotonga,vaerua,1195.073743
KDN,Rarotonga,vaerua,1393.600786
KDN,Rarotonga,vaerua,1812.683455
TPT,Rarotonga,vaerua,937.3701246
TMT,Rarotonga,vaevae,986.5477729
TMT,Rarotonga,vaevae,1851.589543
AAN,Rarotonga,vai,1262.444632
KDN,Rarotonga,vai,1778.71102
TPT,Rarotonga,vai,1241.706866
TPT,Rarotonga,vai,1205.717604
TPT,Rarotonga,vai,703.2580766
TPT,Rarotonga,vai,1154.743359
TMT,Rarotonga,vairanga,1011.804219
TPT,Rarotonga,vaitata,675.3738421
TPT,Rarotonga,vaitata,1735.566131
AAN,Rarotonga,vaka,994.4048577
AAN,Rarotonga,vaka,996.4332072
AAN,Rarotonga,vaka,1224.968013
AAN,Rarotonga,vaka,1105.540717
AAN,Rarotonga,vaka,2095.451275
AAN,Rarotonga,vaka,927.0515952
AAN,Rarotonga,vaka,2130.494759
AAN,Rarotonga,vaka,2017.06227
AAN,Rarotonga,vaka,1049.145405
AAN,Rarotonga,vaka,1659.72638
AAN,Rarotonga,vaka,1000.925403
AAN,Rarotonga,vaka,2060.495633
AAN,Rarotonga,vaka,2281.294004
AAN,Rarotonga,vaka,1072.188779
AAN,Rarotonga,vaka,1025.893672
AAN,Rarotonga,vaka,1818.259748
AAN,Rarotonga,vaka,1141.105528
AAN,Rarotonga,vaka,1122.376166
TPT,Rarotonga,vaoo,862.0231936
KDN,Rarotonga,varangau,968.1811665
KDN,Rarotonga,varu,1432.099838
KDN,Rarotonga,varu,1043.969829
TPT,Rarotonga,vavaria,1053.732712
TPT,Rarotonga,vavaria,1274.927987
TPT,Rarotonga,vave,1079.349783
TPT,Rarotonga,vave,1323.59999
TPT,Rarotonga,vaꞌa,1405.215979
TPT,Rarotonga,vaꞌarua,1077.732589
AAN,Rarotonga,vaꞌine,1040.549918
AAN,Rarotonga,vaꞌine,982.8640339
AAN,Rarotonga,vaꞌine,2261.744508
AAN,Rarotonga,vaꞌine,1018.14492
KDN,Rarotonga,vaꞌine,1856.830255
KDN,Rarotonga,vaꞌine,1563.526358
KDN,Rarotonga,vaꞌine,1985.729133
KDN,Rarotonga,vaꞌine,1105.809666
KDN,Rarotonga,vaꞌine,1749.665049
KDN,Rarotonga,vaꞌine,1474.076551
KDN,Rarotonga,vaꞌine,1881.942143
TMT,Rarotonga,vaꞌine,1019.898042
TMT,Rarotonga,vaꞌo,1817.975462
TMT,Rarotonga,vaꞌo,1332.522067
KDN,Rarotonga,vaꞌī,1373.36549
KDN,Rarotonga,vaꞌī,1760.79382
KDN,Rarotonga,vaꞌīꞌia,1844.534448
AAN,Rarotonga,veritū,1598.784921
AAN,Rarotonga,veritūamaroa,1443.535821
TMT,Rarotonga,verovero,1577.694388
TMT,Rarotonga,verovero,1338.655785
TPT,Rarotonga,vila,1565.074863
TMT,Rarotonga,vitiō,1483.153543
KDN,Rarotonga,viviki,1923.880673
KDN,Rarotonga,viviki,1972.038334
TPT,Rarotonga,viviki,1930.028366
TPT,Rarotonga,viviki,1989.896051
TPT,Rarotonga,viviki,1558.082754
TPT,Rarotonga,viviki,1866.579712
TPT,Rarotonga,viꞌiviꞌi,1822.141277
TPT,Rarotonga,viꞌiviꞌi,1580.2142
TMT,Rarotonga,vora,936.3415929
TMT,Rarotonga,vorapī,794.2912811
AAN,Rarotonga,ꞌakarevaꞌia,1840.736829
AAN,Rarotonga,ꞌakarevaꞌia,1802.058496
TPT,Rarotonga,ꞌakavā,1201.030356
TPT,Rarotonga,ꞌakavāꞌanga,1237.976155
TPT,Rarotonga,ꞌakavāꞌia,1608.939594
TMT,Rarotonga,ꞌāviri,1502.693479
